DISTRICT,STATE,LAT,LNG,NOTE
ADILABAD,TELANGANA,19.6765668,78.5320841,
ALLURI SITHARAMA RAJU,ANDHRA PRADESH,17.6971337,82.0407137,
AMRITSAR,PUNJAB,31.6339793,74.8722642,
AMRITSAR RURAL,PUNJAB,31.6436132,74.8595703,
ANAKAPALLI,ANDHRA PRADESH,17.6896435,83.0023634,
ANANTHAPURAMU,ANDHRA PRADESH,14.6824455,77.6017089,
ANNAMAYYA,ANDHRA PRADESH,13.9309845,78.7476208,
ARIYALUR,TAMIL NADU,11.1403677,79.0744500,
AVADI,TAMIL NADU,13.1067448,80.0969511,
BAPATLA,ANDHRA PRADESH,15.9039445,80.4671375,
BARNALA,PUNJAB,30.3763374,75.5459273,
BATHINDA,PUNJAB,30.2109940,74.9454745,
BHADRADRI KOTHAGUDEM,TELANGANA,17.5433335,80.6187721,
CHENGALPATTU,TAMIL NADU,12.6819372,79.9888413,
CHENNAI,TAMIL NADU,13.0570568,80.2098219,
CHITTOOR,ANDHRA PRADESH,13.2171760,79.1003289,
COIMBATORE,TAMIL NADU,10.9973691,76.9588876,
COIMBATORE RURAL,TAMIL NADU,10.9973691,76.9588876,
CUDDALORE,TAMIL NADU,11.7480419,79.7713687,
CYBERABAD-MEDCHAL,TELANGANA,17.6323358,78.4804828,
CYBERABAD-RANGAREDDY,TELANGANA,17.4347526,78.3868890,
CYBERABAD-SANGAREDDY,TELANGANA,17.4347526,78.3868890,
DHARMAPURI,TAMIL NADU,12.1210997,78.1582143,
DINDIGUL,TAMIL NADU,10.3619650,77.9735844,
DR. B.R. AMBEDKAR KONASEEMA,ANDHRA PRADESH,16.6614813,81.9534815,
EAST GODAVARI,ANDHRA PRADESH,17.0095854,81.7797234,
ELURU,ANDHRA PRADESH,16.7106604,81.0945138,
ERODE,TAMIL NADU,11.3410364,77.7171642,
FARIDKOT,PUNJAB,30.5932040,74.8273184,
FATEHGARH SAHIB,PUNJAB,30.6435345,76.3970300,
FAZILKA,PUNJAB,30.4036478,74.0279621,
FEROZEPUR,PUNJAB,30.9331348,74.6224755,
FUTURE CITY-RANGA REDDY,TELANGANA,17.3576466,78.5430613,
GUNTUR,ANDHRA PRADESH,16.3066525,80.4365402,
GURDASPUR,PUNJAB,32.0413917,75.4030860,
GURDASPUR (BATALA),PUNJAB,32.0413917,75.4030860,
HOSHIARPUR,PUNJAB,31.5143178,75.9114830,
HYDERABAD,TELANGANA,17.4064980,78.4772439,
HYDERABAD-RANGA REDDY,TELANGANA,17.4064980,78.4772439,
JAGITYAL,TELANGANA,18.7894881,78.9120459,
JAGRAON (LUDHIANA),PUNJAB,30.7923337,75.4670189,
JALANDHAR,PUNJAB,31.3260152,75.5761829,
JALANDHAR RURAL,PUNJAB,31.3260152,75.5761829,
JAYASHANKAR BHUPALPALLY,TELANGANA,18.4292622,79.8634855,
JOGULAMBA GADWAL,TELANGANA,16.0908180,77.8367282,
KAKINADA,ANDHRA PRADESH,16.9478217,82.2420317,
KALLAKURICHI,TAMIL NADU,11.7383735,78.9638899,
KAMAREDDY,TELANGANA,18.3204832,78.3369523,
KANCHIPURAM,TAMIL NADU,12.8371787,79.7041698,
KANYAKUMARI,TAMIL NADU,8.0843512,77.5495019,
KAPURTHALA,PUNJAB,31.3722571,75.4017654,
KARIMNAGAR,TELANGANA,18.4385553,79.1288412,
KARUR,TAMIL NADU,10.9600778,78.0766036,
KHAMMAM,TELANGANA,17.2472528,80.1514447,
KHANNA (LUDHIANA),PUNJAB,30.7070769,76.2169907,
KOMARAMBHEEM ASIFABAD,TELANGANA,19.3576167,79.4703885,
KRISHNA,ANDHRA PRADESH,16.6099914,80.7214417,
KRISHNAGIRI,TAMIL NADU,12.5247853,78.2160040,
KURNOOL,ANDHRA PRADESH,15.8309383,78.0365493,
LUDHIANA,PUNJAB,30.9009650,75.8572758,
MADURAI CITY,TAMIL NADU,9.9252007,78.1197754,
MADURAI RURAL,TAMIL NADU,9.9252007,78.1197754,
MAHABUBABAD,TELANGANA,17.5980196,79.9916831,
MAHABUBNAGAR,TELANGANA,16.7488379,78.0035172,
MALERKOTLA,PUNJAB,30.5245806,75.8783443,
MALKAJGIRI-HYDERABAD,TELANGANA,17.4503375,78.5322481,
MALKAJGIRI-MEDCHAL,TELANGANA,17.5698414,78.5206500,
MALKAJGIRI-RANGAREDDY,TELANGANA,17.4503375,78.5322481,
MANSA,PUNJAB,29.9995069,75.3936808,
MAYILADUTHURAI,TAMIL NADU,11.1013087,79.6501739,
MEDAK,TELANGANA,18.0462192,78.2631756,
MOGA,PUNJAB,30.8230114,75.1734471,
MULUGU,TELANGANA,18.2788168,80.3658650,
NAGAPATTINAM,TAMIL NADU,10.7672313,79.8448512,
NAGARKURNOOL,TELANGANA,16.4854864,78.3172586,
NALGONDA,TELANGANA,17.0577054,79.2683623,
NAMAKKAL,TAMIL NADU,11.2193848,78.1678418,
NANDYAL,ANDHRA PRADESH,15.4776876,78.4872850,
NARAYANPET,TELANGANA,16.7440522,77.4954416,
NIRMAL,TELANGANA,19.0964117,78.3429750,
NIZAMABAD,TELANGANA,18.6725047,78.0940867,
NTR DISTRICT,ANDHRA PRADESH,15.9128998,79.7399875,
PALNADU,ANDHRA PRADESH,16.3819515,79.8296743,
PARVATHIPURAM MANYAM,ANDHRA PRADESH,18.7958039,83.6773928,
PATHANKOT,PUNJAB,32.2733352,75.6522066,
PATIALA,PUNJAB,30.3397809,76.3868797,
PERAMBALUR,TAMIL NADU,11.2342104,78.8806852,
PRAKASAM,ANDHRA PRADESH,15.3484630,79.5603440,
PUDUKKOTTAI,TAMIL NADU,10.3728650,78.8212750,
RAJANNA SIRCILLA,TELANGANA,18.3889500,78.8092392,
RAMAGUNDAM-MANCHERIAL,TELANGANA,18.7518652,79.5133701,
RAMAGUNDAM-PEDDAPALLI,TELANGANA,18.7518652,79.5133701,
RAMANATHAPURAM,TAMIL NADU,9.3639356,78.8394819,
RANIPET,TAMIL NADU,12.9256015,79.3296565,
ROPAR,PUNJAB,30.9661003,76.5230961,
SALEM,TAMIL NADU,11.6553949,78.1546642,
SALEM RURAL,TAMIL NADU,11.6553949,78.1546642,
SANGAREDDY,TELANGANA,17.6075232,78.0798191,
SANGRUR,PUNJAB,30.2457963,75.8420716,
SAS NAGAR,PUNJAB,30.7046486,76.7178726,
SBS NAGAR,PUNJAB,31.0912954,76.0391909,
SIDDIPET,TELANGANA,18.1017088,78.8521093,
SIVAGANGA,TAMIL NADU,9.8479616,78.4832344,
SRI MUKTSAR SAHIB,PUNJAB,30.4761773,74.5121599,
SRI POTTI SRIRAMULU NELLORE,ANDHRA PRADESH,14.2580848,79.9192702,
SRI SATHYA SAI,ANDHRA PRADESH,14.1559561,77.7452081,
SRIKAKULAM,ANDHRA PRADESH,18.2949165,83.8938018,
SURYAPET,TELANGANA,17.1417379,79.6204326,
TAMBARAM,TAMIL NADU,12.9249308,80.1000026,
TARN TARAN,PUNJAB,31.4538668,74.9267599,
TENKASI,TAMIL NADU,8.9564008,77.3152492,
THANJAVUR,TAMIL NADU,10.7877190,79.1384288,
THE NILGIRIS,TAMIL NADU,11.4135955,76.7024689,
THENI,TAMIL NADU,10.0263653,77.4759334,
THIRUVARUR,TAMIL NADU,10.7661312,79.6343691,
THOOTHUKUDI,TAMIL NADU,8.7641661,78.1348361,
TIRUCHIRAPPALLI RURAL,TAMIL NADU,10.8062312,78.6845843,
TIRUCHIRAPPALLI URBAN,TAMIL NADU,10.8062312,78.6845843,
TIRUNELVELI CITY,TAMIL NADU,8.7150180,77.7656280,
TIRUNELVELI RURAL,TAMIL NADU,8.7150180,77.7656280,
TIRUPATHUR,TAMIL NADU,12.4950124,78.5678407,
TIRUPATI,ANDHRA PRADESH,13.6287557,79.4191795,
TIRUPPUR,TAMIL NADU,11.1083318,77.3419126,
TIRUPPUR CITY,TAMIL NADU,11.1083318,77.3419126,
TIRUVALLUR,TAMIL NADU,13.1226901,79.9117690,
TIRUVANNAMALAI,TAMIL NADU,12.2252841,79.0746957,
VELLORE,TAMIL NADU,12.9235541,79.1330768,
VIKARABAD,TELANGANA,17.3364555,77.9048268,
VILUPPURAM,TAMIL NADU,11.9401378,79.4861449,
VIRUDHUNAGAR,TAMIL NADU,9.5803362,77.9530689,
VISAKHAPATNAM,ANDHRA PRADESH,17.7343219,83.3129841,
VIZIANAGARAM,ANDHRA PRADESH,18.1066576,83.3955506,
WANAPARTHY,TELANGANA,16.3623208,78.0621475,
WARANGAL,TELANGANA,17.9692624,79.5926304,
WARANGAL-HANUMAKONDA,TELANGANA,17.9692624,79.5926304,
WARANGAL-JANGOAN,TELANGANA,17.6600471,79.2902133,
WEST GODAVARI,ANDHRA PRADESH,16.5447952,81.5207195,
YADADRI BHUVANAGIRI,TELANGANA,17.4532756,78.9288242,
YSR DISTRICT,ANDHRA PRADESH,14.5767233,78.8382644,
