DISTRICT,POLICE STATION,SEARCH NAME,SEARCH AS,NOTE
SIDDIPET,RAIPOL (BEGAMPET),BEGAMPET RAIPOLE,,
RAMANATHAPURAM,BAZAAR,RAMANATHAPURAM BAZAAR,,
THE NILGIRIS,TOWN CENTRAL,OOTY CENTRAL,,
THENI,ETHAKOIL,ETHAKOVIL,,
THIRUVARUR,PERUGAVALTHAN,PERUGAVAZHANDAN,,
TIRUCHIRAPPALLI RURAL,T T PETTAI,THATHAIYANGARPETTAI,,
TIRUVANNAMALAI,CHENAM,CHENGAM,,
VILUPPURAM,T.V.NALLUR,THIRUVENNAINALLUR,,
VILUPPURAM,AURUVILE,AUROVILLE,,
AMRITSAR RURAL,LOPOKE,LOPOKE,place,
AMRITSAR RURAL,TARSIKKA,TARSIKKA,place,
BARNALA,DHANAULA,DHANAULA,place,
BARNALA,TAPA,TAPA,place,
BATHINDA,BHAGTA BHAI KA,BHAGTA BHAI KA,place,
FAZILKA,ARNI WALA,ARNI WALA,place,
FAZILKA,BAHAV WALA,BAHAV WALA,place,
FAZILKA,VAIRO KE,VAIRO KE,place,
GURDASPUR,BEHRAMPUR,BEHRAMPUR,place,
GURDASPUR,TIBBER,TIBBER,place,
GURDASPUR (BATALA),FATEHGARH CHURIAN,FATEHGARH CHURIAN,place,
GURDASPUR (BATALA),G K BANGER,G K BANGER,place,
GURDASPUR (BATALA),KOTLI SURAT MALHI,KOTLI SURAT MALHI,place,
GURDASPUR (BATALA),RANGAR NANGAL,RANGAR NANGAL,place,
GURDASPUR (BATALA),SHRI HARGOBINDPUR,SHRI HARGOBINDPUR,place,
GURDASPUR (BATALA),SHRI KARTARPUR SAHIB CORRIDOR,SHRI KARTARPUR SAHIB CORRIDOR,place,
HOSHIARPUR,HAJIPUR,HAJIPUR,place,
HOSHIARPUR,TANDA,TANDA,place,
JAGRAON (LUDHIANA),DAKHA,DAKHA,place,
JAGRAON (LUDHIANA),JAGRAON,JAGRAON,place,
JAGRAON (LUDHIANA),SIDHWAN BET,SIDHWAN BET,place,
JALANDHAR,NEW BARADRI,NEW BARADRI,place,
JALANDHAR,SADAR,SADAR,place,
JALANDHAR RURAL,BILGA,BILGA,place,
JALANDHAR RURAL,LOHIAN,LOHIAN,place,
JALANDHAR RURAL,NAKODAR CITY,NAKODAR CITY,place,
JALANDHAR RURAL,NAKODAR SADAR,NAKODAR SADAR,place,
JALANDHAR RURAL,NURMAHAL,NURMAHAL,place,
JALANDHAR RURAL,PHILLAUR,PHILLAUR,place,
KHANNA (LUDHIANA),DORAHA,DORAHA,place,
KHANNA (LUDHIANA),MACHHIWARA,MACHHIWARA,place,
KHANNA (LUDHIANA),MALOUD,MALOUD,place,
MANSA,BHIKHI,BHIKHI,place,
PATHANKOT,DHARKALAN,DHARKALAN,place,
PATIALA,MAJRI,MAJRI,place,
ROPAR,ANANDPUR SAHIB,ANANDPUR SAHIB,place,
ROPAR,SINGH BHAGWANTPUR,SINGH BHAGWANTPUR,place,
SANGRUR,CHEEMA,CHEEMA,place,
SANGRUR,DHARAMGARH,DHARAMGARH,place,
SBS NAGAR,BALACHAUR,BALACHAUR,place,
TARN TARAN,PATTI,PATTI,place,
